<?xml version="1.0" encoding="UTF-8"?>
<hibernate-configuration>
	<session-factory>
		<property name="hbm2ddl.auto">update</property>
		<property name="hibernate.dialect">org.hibernate.dialect.H2Dialect</property>
		<property name="hibernate.connection.driver_class">org.h2.Driver</property>
		<property name="hibernate.connection.url">jdbc:h2:tcp://localhost/~/test</property>
		<property name="hibernate.connection.username">karthi</property>
		<property name="hibernate.connection.password">karthi</property>
		<mapping resource="Student.hbm.xml"/>
	</session-factory>
</hibernate-configuration>